image,timestamp,gaze_x,gaze_y
1.png,1773288753.2370577,0.6104688773479809,0.5227161402816001
1.png,1773288753.2850413,0.7273282141435865,0.5894141558540676
1.png,1773288753.3142009,0.7917980109806121,0.666255294745295
1.png,1773288753.3522198,0.8542586076864285,0.7121680673150608
1.png,1773288753.3762412,0.8979810253804998,0.49851764712054253
1.png,1773288753.4197843,0.9285867177663499,0.5692381102635578
1.png,1773288753.4583397,0.9500107024364449,0.6491320461339701
1.png,1773288753.4873383,0.9442210845603689,0.6221930719194504
1.png,1773288753.519544,0.9609547591922581,0.4522621698937031
1.png,1773288753.5521238,0.9726683314345808,0.5416965611939321
1.png,1773288753.5830247,0.8582004834140297,0.6112482745632217
1.png,1773288753.6160443,0.6901300068524462,0.5291436163941975
1.png,1773288753.6455698,0.6067848362625944,0.45625645733033376
1.png,1773288753.6710904,0.4542059380722334,0.380953816956779
1.png,1773288753.69109,0.374897991865927,0.36620555259614584
1.png,1773288753.8163118,0.34659207020791044,0.4463849892306666
1.png,1773288753.8438904,0.27921143663084924,0.38692933907336896
1.png,1773288753.8648493,0.20201287877155194,0.39329277105860655
1.png,1773288753.9148448,0.21994987510463385,0.4162538902985666
1.png,1773288753.9506524,0.16316812832502792,0.2913777232089966
1.png,1773288753.980563,0.11421768982751952,0.20396440624629758
1.png,1773288754.0085585,0.07995238287926366,0.1427750843724083
1.png,1773288754.0523713,0.05596666801548457,0.0999425590606858
1.png,1773288754.0835218,0.07477505354729792,0.06995979134248007
1.png,1773288754.1185772,0.05234253748310854,0.04897185393973604
1.png,1773288754.1522908,0.03663977623817598,0.03428029775781523
1.png,1773288754.1804001,0.02564784336672318,0.09013016873203285
1.png,1773288754.2116108,0.024727815055354343,0.06309111811242299
1.png,1773288754.235146,0.01730947053874804,0.044163782678696084
1.png,1773288754.2838194,0.012116629377123626,0.06749086949114011
1.png,1773288754.3188522,0.06321665182149402,0.22031974245962255
1.png,1773288754.3798633,0.10667553176769268,0.15422381972173577
1.png,1773288754.420222,0.17711180865821421,0.2123650073265768
1.png,1773288754.4463077,0.1422383853386029,0.27567682630849466
1.png,1773288754.4799864,0.09956686973702202,0.19297377841594623
1.png,1773288754.5144033,0.0696968088159154,0.2526823369000226
1.png,1773288754.5448751,0.08568895406513331,0.3356183177976775
1.png,1773288754.5705707,0.05998226784559331,0.3482538305342869
1.png,1773288754.6186726,0.04776724158406957,0.24377768137400083
1.png,1773288754.6503985,0.13591440606390084,0.17064437696180057
1.png,1773288754.6884937,0.16208748958893146,0.15173482606636343
1.png,1773288754.7215827,0.2098968515041097,0.1062143782464544
1.png,1773288754.7456737,0.22956453176293842,0.20787622797830627
1.png,1773288754.7785182,0.26769650416533686,0.26117590676880326
1.png,1773288754.8195155,0.26356974281397855,0.3511522694932989
1.png,1773288754.8534977,0.29401233671005406,0.24580658864530922
1.png,1773288754.8794963,0.23593807474483228,0.2971476825528177
1.png,1773288754.9074113,0.23290985019515664,0.381067365428926
1.png,1773288754.940831,0.2907154108532404,0.2667471558002482
1.png,1773288754.9845,0.2983492170365991,0.3923988517519541
1.png,1773288755.0178707,0.20884445192561935,0.319320269799825
1.png,1773288755.0480442,0.24868184029827967,0.3857428706399677
1.png,1773288755.0825984,0.29163183950967037,0.4880345912897524
1.png,1773288755.113686,0.21752667170657497,0.42624112252112656
1.png,1773288755.143845,0.19976053798614063,0.46902061424947467
1.png,1773288755.1756473,0.21207890808857693,0.515815004898322
1.png,1773288755.2116756,0.24258860509459168,0.3610705034288254
1.png,1773288755.2487864,0.20264950562240153,0.3240201813782763
1.png,1773288755.2757154,0.21034785587769655,0.3614694294250478
1.png,1773288755.3180683,0.23287600483815624,0.2530286005975334
1.png,1773288755.3577008,0.1922190299851256,0.3297347435762878
1.png,1773288755.3912332,0.19821648180390497,0.23081432050340145
1.png,1773288755.4231293,0.23148113612286,0.16157002435238102
1.png,1773288755.5488856,0.19487737750922612,0.1130990170466667
1.png,1773288755.5797133,0.20627337657144593,0.07916931193266667
1.png,1773288755.6248407,0.24665026393346678,0.05541851835286668
1.png,1773288755.6563082,0.2936782628387875,0.2544628890761343
1.png,1773288755.70075,0.2709251014757963,0.3050504190313285
1.png,1773288755.7321174,0.2876880966485883,0.2405968385333042
1.png,1773288755.7617903,0.2865290595234286,0.16841778697331294
1.png,1773288755.79184,0.30070807346808415,0.11789245088131907
1.png,1773288755.8113194,0.3280036077594684,0.10019876588242084
1.png,1773288755.8434885,0.31844873703210586,0.07013913611769458
1.png,1773288755.8751187,0.3101510395828659,0.04909739528238621
1.png,1773288755.9060183,0.3092886977134004,0.23847418913559223
1.png,1773288755.9361231,0.32618376655165393,0.16693193239491458
1.png,1773288755.9538455,0.33111051427713983,0.1168523526764402
1.png,1773288755.9858658,0.325634712736382,0.17769287837399278
1.png,1773288756.01777,0.3510151847181991,0.18836047109984985
1.png,1773288756.0470688,0.3311021165458536,0.13185232976989486
1.png,1773288756.0638623,0.3228690695343432,0.0922966308389264
1.png,1773288756.0987728,0.33262003015797176,0.06460764158724848
1.png,1773288756.1250608,0.34651787023799885,0.04522534911107394
1.png,1773288756.1413426,0.3287220410421113,0.03165774437775175
1.png,1773288756.1880014,0.35886292421515903,0.022160421064426224
1.png,1773288756.216,0.35615772532176593,0.015512294745098357
1.png,1773288756.2501574,0.3453141327819052,0.19963477043138564
1.png,1773288756.2820063,0.35640598506169363,0.13974433930196994
1.png,1773288756.3145356,0.3577972366000333,0.09782103751137895
1.png,1773288756.3532672,0.3241446819946103,0.06847472625796526
1.png,1773288756.381273,0.30422392539516996,0.047932308380575675
1.png,1773288756.4115438,0.3323322218495804,0.03355261586640297
1.png,1773288756.4583488,0.32395478998816685,0.1666264011731383
1.png,1773288756.4918144,0.30845508556014745,0.30722179825352014
1.png,1773288756.5138204,0.30244473728939725,0.27961661020649303
1.png,1773288756.5469995,0.32703666054282066,0.3041239191693074
1.png,1773288756.584548,0.3434191682870316,0.22368370760215958
1.png,1773288756.6205454,0.2919517208529352,0.1565785953215117
1.png,1773288756.6787126,0.20436620459705462,0.10960501672505818
1.png,1773288756.7127144,0.14305634321793823,0.07672351170754071
1.png,1773288756.7447195,0.18820870360430803,0.0537064581952785
1.png,1773288756.7794943,0.24606144202041982,0.2376617771707334
1.png,1773288756.8265035,0.3583547152264183,0.16636324401951336
1.png,1773288756.858139,0.42680265551970903,0.3355325061342425
1.png,1773288756.8899708,0.440341189699775,0.23487275429396973
1.png,1773288756.9189873,0.4568964336533372,0.19864350278716172
1.png,1773288756.9471383,0.48279203525705405,0.1390504519510132
1.png,1773288756.9887064,0.47766677354773696,0.09733531636570923
1.png,1773288757.0201106,0.42926164001232253,0.06813472145599646
1.png,1773288757.0542145,0.41731268056173987,0.04769430501919752
1.png,1773288757.155331,0.38390533704982405,0.03338601351343826
1.png,1773288757.2063515,0.4276566492673411,0.023370209459406783
1.png,1773288757.2383428,0.40202950657481495,0.016359146621584747
1.png,1773288757.2658622,0.38420507089838213,0.011451402635109322
1.png,1773288757.296189,0.3699021517686023,0.008015981844576525
1.png,1773288757.3301535,0.35975541805046773,0.0056111872912035675
1.png,1773288757.358126,0.35450144849841636,0.13301119991412003
1.png,1773288757.4251645,0.3423425945124029,0.09310783993988402
1.png,1773288757.4491577,0.31589609133245755,0.0651754879579188
1.png,1773288757.4839573,0.3177097084259853,0.045622841570543166
1.png,1773288757.5152056,0.33799229119262314,0.03193598909938021
1.png,1773288757.5679436,0.33486475231356744,0.1002401885222419
1.png,1773288757.5951662,0.3733281236987534,0.07016813196556931
1.png,1773288757.6254077,0.37869054702448113,0.04911769237589852
1.png,1773288757.656232,0.37431000962400296,0.06618957662805905
1.png,1773288757.6886485,0.33392440075699953,0.046332703639641336
1.png,1773288757.7916572,0.23374708052989968,0.032432892547748934
1.png,1773288757.8187938,0.23215325039564136,0.02270302478342425
1.png,1773288757.8480241,0.27024970305094065,0.015892117348396975
1.png,1773288757.892646,0.2737946034264326,0.19771536973290513
1.png,1773288757.9276497,0.3183535584450595,0.1384007588130336
1.png,1773288757.9611146,0.3589616372213168,0.2765148394752655
1.png,1773288757.982116,0.35012792171111945,0.3921975664875589
1.png,1773288757.9971178,0.3548654329386757,0.4320208032329003
1.png,1773288758.0278099,0.3377503151072888,0.4685176055793116
1.png,1773288758.0613422,0.3653181227548686,0.4749469576087721
1.png,1773288758.09334,0.4420326086921891,0.33246287032614047
1.png,1773288758.1253374,0.48211974613531977,0.46755039403662985
1.png,1773288758.1553688,0.5539709363793485,0.3272852758256409
1.png,1773288758.2178378,0.5717864066918656,0.41883442466873505
10.png,1773288758.258605,0.546629599264782,0.3379960866760755
10.png,1773288758.2986202,0.4353767747518929,0.4051266721637592
10.png,1773288758.328621,0.4300856709204161,0.2835886705146314
10.png,1773288758.3603199,0.4065042268105809,0.198512069360242
10.png,1773288758.3923202,0.39271682941729563,0.13895844855216938
10.png,1773288758.421309,0.4096892686736426,0.09727091398651856
10.png,1773288758.4546924,0.4230375320391413,0.06808963979056298
10.png,1773288758.499372,0.41359463860204193,0.09456940189214617
10.png,1773288758.5291498,0.4092666259402115,0.06619858132450232
10.png,1773288758.5640333,0.3986735375966232,0.046339006927151614
10.png,1773288758.5969548,0.4474249096932948,0.03243730484900613
10.png,1773288758.6248996,0.5253598209714164,0.17486581283736444
10.png,1773288758.6704724,0.5723031555031843,0.35783866902590555
10.png,1773288758.6993792,0.6399177737722911,0.3263718315527035
10.png,1773288758.725378,0.6857095377489223,0.26682436935315784
10.png,1773288758.7524896,0.6802742374077999,0.4175828776215882
10.png,1773288758.783204,0.6802597357743976,0.5019025808716442
10.png,1773288758.8737757,0.6341998194144683,0.3513318066101509
10.png,1773288758.8957672,0.6180859502332079,0.3471329422091429
10.png,1773288758.9307365,0.579566568244042,0.24299305954640005
10.png,1773288758.9617524,0.5753619930009561,0.17009514168248002
10.png,1773288758.9941332,0.5402935146904124,0.14968315251253722
10.png,1773288759.0273812,0.5642080923551721,0.3467696279198754
10.png,1773288759.0513935,0.6438600241444934,0.47557188028065145
10.png,1773288759.0861137,0.6281151838266892,0.4344747169417664
10.png,1773288759.1151078,0.62385523043663,0.3913909713265119
10.png,1773288759.148126,0.5982393222300071,0.4730600060989309
10.png,1773288759.174867,0.6171553379364727,0.5691013480836137
10.png,1773288759.2131793,0.5889884269297642,0.6081537593744697
10.png,1773288759.2401714,0.5566057367940697,0.6385775471536725
10.png,1773288759.2741098,0.5731659893695226,0.601395255987043
10.png,1773288759.3039455,0.5805115309721731,0.5808229620762363
10.png,1773288759.3339484,0.5657007071997456,0.5587573718253847
10.png,1773288759.3580534,0.6220516216813905,0.6328877490856992
10.png,1773288759.377392,0.6296158675210509,0.535412562330721
10.png,1773288759.433758,0.5880570529595973,0.605450931023791
10.png,1773288759.4549954,0.597764316237153,0.6364895508178344
10.png,1773288759.4862487,0.6050104567017106,0.688089256925889
10.png,1773288759.5015671,0.6061281271211151,0.6956969025324758
10.png,1773288759.5304868,0.5684481899507071,0.6581643974906952
10.png,1773288759.5631967,0.5720776340536808,0.5349292380037688
10.png,1773288759.5975718,0.6028207461780003,0.4728664610584486
10.png,1773288759.62671,0.632280237282467,0.4914164939108485
10.png,1773288759.6565804,0.6218334695986127,0.5837216376217824
10.png,1773288759.690093,0.6595543296926937,0.40860514633524764
10.png,1773288759.7201922,0.70675735047204,0.5367448866563838
10.png,1773288759.773802,0.6480562424139316,0.6063630741171123
10.png,1773288759.8016028,0.6545567701497674,0.5226650024011995
10.png,1773288759.837604,0.6556535355633076,0.5111892797262543
10.png,1773288759.8662345,0.738706941452604,0.5778059023923526
10.png,1773288759.8982275,0.6942206951629573,0.5540656669403264
10.png,1773288759.928437,0.7398284459198406,0.6354396919086678
10.png,1773288759.964403,0.7228928402572908,0.6892966252622695
10.png,1773288759.9933972,0.6647421124169668,0.6883677047644878
10.png,1773288760.025488,0.6423359899458074,0.7003292613068876
10.png,1773288760.0604136,0.6305058629759153,0.5096306981408449
10.png,1773288760.0945468,0.6502911891005939,0.46825234923833864
10.png,1773288760.1406686,0.6894654591434529,0.5182083218631444
10.png,1773288760.1711035,0.7185593190936654,0.3627458253042011
10.png,1773288760.2022269,0.7270516284325967,0.47844527467268877
10.png,1773288760.239445,0.7868994881743816,0.5861816368072618
10.png,1773288760.265995,0.7901744591012259,0.6605458724094139
10.png,1773288760.297344,0.7949855887761247,0.711259886912713
10.png,1773288760.3295412,0.8418761742075113,0.7514230138205835
10.png,1773288760.362521,0.7878690620583153,0.5259961096744084
10.png,1773288760.398524,0.705363329925165,0.36819727677208586
10.png,1773288760.4873974,0.6782950030201117,0.2577380937404601
10.png,1773288760.52038,0.6840234318416782,0.18041666561832206
10.png,1773288760.5596526,0.5480311773971528,0.29643364026095487
10.png,1773288760.5841715,0.41190833546645045,0.2075035481826684
10.png,1773288760.6281865,0.2883358348265153,0.14525248372786786
10.png,1773288760.647221,0.35882609699407253,0.10167673860950749
10.png,1773288760.682717,0.5105639475472672,0.12286971903991444
10.png,1773288760.7197137,0.6209276665087506,0.08600880332794009
10.png,1773288760.7510424,0.6971839214970411,0.2044298622101473
10.png,1773288760.777581,0.6776596883640067,0.2627228274727401
10.png,1773288760.8159397,0.7094747105555111,0.2956871023457897
10.png,1773288760.8439443,0.7005993638246069,0.36873544163315775
10.png,1773288760.8734655,0.6949892500511778,0.25811480914321044
10.png,1773288760.9146187,0.738762529988213,0.39041744947758705
10.png,1773288760.9498322,0.7295925715124046,0.4476961894444823
10.png,1773288760.9824994,0.7496752443258944,0.5245303119177994
10.png,1773288761.0127416,0.6996138749934869,0.4396495666323488
10.png,1773288761.043642,0.6693139707715707,0.3077546966426441
10.png,1773288761.0724933,0.6291303711886418,0.2154282876498509
10.png,1773288761.1004,0.7058760777758392,0.38713594280512437
10.png,1773288761.1314025,0.6978463740232793,0.40589691112984394
10.png,1773288761.161482,0.6813290028084376,0.28412783779089074
10.png,1773288761.1939976,0.6511254828840566,0.1988894864536235
10.png,1773288761.2396457,0.636827742746645,0.17121558814727483
10.png,1773288761.2770565,0.6459134752501983,0.11985091170309237
10.png,1773288761.3060553,0.6204589504813532,0.08389563819216465
10.png,1773288761.3380544,0.5728915068124824,0.058726946734515256
10.png,1773288761.3720715,0.5999406245197473,0.18724255242887825
10.png,1773288761.40108,0.6153162800838211,0.37317750487710166
10.png,1773288761.4330702,0.6082661858505736,0.26122425341397115
10.png,1773288761.464604,0.5878695446273966,0.18285697738977977
10.png,1773288761.504828,0.597919290419209,0.25676720672540543
10.png,1773288761.5319452,0.6400502579801455,0.29782165139317024
10.png,1773288761.5609305,0.5773136937992971,0.20847515597521918
10.png,1773288761.6110559,0.5791193969584671,0.1459326091826534
10.png,1773288761.6431825,0.5688489614943465,0.10215282642785738
10.png,1773288761.6778402,0.6009918086275836,0.07150697849950016
10.png,1773288761.7069755,0.5330988988580154,0.2633872390281141
10.png,1773288761.739874,0.4992772784495785,0.1843710673196799
10.png,1773288761.7702048,0.43009721204699786,0.2098365665226809
10.png,1773288761.800111,0.43339599284476804,0.1468855965658766
10.png,1773288761.8342056,0.4301097001298022,0.10281991759611361
10.png,1773288761.8687668,0.42684731824647953,0.07197394231727952
10.png,1773288761.8971522,0.4174284496449978,0.050381759622095665
10.png,1773288761.9320672,0.4076818981693652,0.03526723173546696
10.png,1773288761.9787915,0.4099098897984122,0.024687062214826874
10.png,1773288762.01068,0.3946173975536661,0.017280943550378812
10.png,1773288762.0420923,0.42045932398398433,0.09576194382112911
10.png,1773288762.0780597,0.44033955401187747,0.06703336067479038
10.png,1773288762.1669157,0.43699952732182173,0.046923352472353255
10.png,1773288762.1989207,0.41968107108756897,0.03284634673064728
10.png,1773288762.2288222,0.38365628457359313,0.02299244271145309
10.png,1773288762.2469752,0.3506178508810631,0.01609470989801716
10.png,1773288762.2857158,0.34762215753895304,0.011266296928612012
10.png,1773288762.315714,0.32703388992241983,0.007886407850028409
10.png,1773288762.3467166,0.32034176324114527,0.005520485495019886
10.png,1773288762.3757918,0.3682636285368341,0.0038643398465139193
10.png,1773288762.4077094,0.3668364225467291,0.002705037892559743
10.png,1773288762.4347026,0.35772803369014994,0.041036412150690815
10.png,1773288762.4628139,0.35458657596245524,0.028725488505483572
10.png,1773288762.481998,0.318810322851782,0.0201078419538385
10.png,1773288762.5121243,0.3007352536024261,0.014075489367686949
10.png,1773288762.5391061,0.30600160958488176,0.009852842557380862
10.png,1773288762.5696974,0.30911015375596074,0.006896989790166604
10.png,1773288762.6026986,0.32304013504354745,0.004827892853116623
10.png,1773288762.6376996,0.31660184496154103,0.0033795249971816355
10.png,1773288762.667299,0.3003092124331741,0.0023656674980271444
10.png,1773288762.7125654,0.3240336178041309,0.001655967248619001
10.png,1773288762.7429821,0.2374290645570601,0.0011591770740333005
10.png,1773288762.873905,0.16620034518994206,0.0008114239518233104
10.png,1773288762.918907,0.21058566086418673,0.0005679967662763172
10.png,1773288762.9492047,0.29292413906099585,0.00039759773639342196
10.png,1773288762.9787424,0.37047853001883546,0.00027831841547539535
10.png,1773288763.0117433,0.39357666524128176,0.00019482289083277675
10.png,1773288763.0478203,0.4234012286408895,0.00013637602358294371
10.png,1773288763.0795228,0.3925521976209204,9.546321650806059e-05
10.png,1773288763.1136978,0.4340531197585728,6.682425155564241e-05
10.png,1773288763.143811,0.41730489123726044,4.6776976088949685e-05
10.png,1773288763.1860383,0.4181305103207294,3.2743883262264775e-05
10.png,1773288763.2159483,0.4442215152202394,2.292071828358534e-05
10.png,1773288763.2419844,0.5126658901089325,1.6044502798509737e-05
100.png,1773288763.2816403,0.6137961078949706,0.08488126065792875
100.png,1773288763.3081398,0.614456966131672,0.05941688246055012
100.png,1773288763.3417852,0.5996279091834115,0.04159181772238508
100.png,1773288763.3733325,0.6101770749349462,0.02911427240566955
100.png,1773288763.4173324,0.6784552130642814,0.26216295335345974
100.png,1773288763.4493322,0.6983309463629449,0.18351406734742182
100.png,1773288763.4819837,0.6768927233064039,0.23533758563007248
100.png,1773288763.5110059,0.6804672237637566,0.33675465158339135
100.png,1773288763.5479817,0.6238393474028431,0.23572825610837395
100.png,1773288763.578495,0.571594030100297,0.16500977927586175
100.png,1773288763.6124957,0.5395884159237345,0.11550684549310321
100.png,1773288763.6455016,0.48207135180864663,0.08085479184517225
100.png,1773288763.6780438,0.4621142904225119,0.05659835429162057
100.png,1773288763.7040331,0.4234737174665627,0.03961884800413439
100.png,1773288763.7929556,0.42356941339024773,0.24913630272941825
100.png,1773288763.8141313,0.41059756756984633,0.22700301480120277
100.png,1773288763.8281205,0.42224086977735575,0.15890211036084192
100.png,1773288763.8520312,0.44077796049073986,0.1772066649171953
100.png,1773288763.8907907,0.442273039157148,0.12404466544203671
100.png,1773288763.9132786,0.4592405148460373,0.2524696039961201
100.png,1773288763.9451096,0.43336563482411294,0.17672872279728408
100.png,1773288763.989031,0.4431862822884654,0.21511351594868272
100.png,1773288764.0199444,0.41988112393374977,0.15057946116407792
100.png,1773288764.0503492,0.3900735539514558,0.10540562281485454
100.png,1773288764.0839508,0.33815853280619573,0.07378393597039816
100.png,1773288764.1139581,0.39537740718335757,0.05164875517927871
100.png,1773288764.1571522,0.3377295924514217,0.20762092081043645
100.png,1773288764.1856782,0.33189237268386285,0.14533464456730552
100.png,1773288764.2205837,0.4227656949660532,0.10173425119711385
100.png,1773288764.2525887,0.3878459139403245,0.20397246469473773
100.png,1773288764.2801316,0.4286581258190793,0.14278072528631638
100.png,1773288764.3121345,0.4172886381546277,0.09994650770042147
100.png,1773288764.3441315,0.45929472249252484,0.06996255539029503
100.png,1773288764.3779614,0.446345443583376,0.09423431091198499
100.png,1773288764.409962,0.45053138493413725,0.0659640176383895
100.png,1773288764.4449632,0.4294058736571767,0.046174812346872644
100.png,1773288764.4755166,0.4350375120798007,0.08135691558822226
100.png,1773288764.523006,0.42466168525696774,0.05694984091175558
100.png,1773288764.5670147,0.3808561016793486,0.03986488863822891
100.png,1773288764.5914912,0.3740540285072169,0.027905422046760234
100.png,1773288764.6265442,0.33263286388566643,0.0926890177068551
100.png,1773288764.6557038,0.31207697008638563,0.06488231239479857
100.png,1773288764.6869564,0.3237689384553439,0.045417618676358996
100.png,1773288764.7219634,0.31925671372524866,0.03179233307345129
100.png,1773288764.752859,0.33852373099256916,0.022254633151415907
100.png,1773288764.7806344,0.3306012462041518,0.015578243205991132
100.png,1773288764.815629,0.3289620597310106,0.010904770244193791
100.png,1773288764.842804,0.358541519846319,0.007633339170935654
100.png,1773288764.8880498,0.3568632786336161,0.005343337419654958
100.png,1773288764.9200287,0.35113559845808257,0.04871101636675563
100.png,1773288764.9391308,0.3590938816209265,0.034097711456728935
100.png,1773288764.985743,0.3495579077744207,0.02386839801971025
100.png,1773288765.0197587,0.3088862070509338,0.016707878613797175
100.png,1773288765.0634644,0.2952812299805835,0.011695515029658023
100.png,1773288765.080979,0.3325125800196213,0.008186860520760616
100.png,1773288765.1111443,0.3187013928689031,0.005730802364532431
100.png,1773288765.145268,0.27482879068022,0.004011561655172701
100.png,1773288765.1898913,0.2557926224568512,0.0028080931586208905
100.png,1773288765.2216604,0.2285262053765436,0.001965665211034623
100.png,1773288765.2606592,0.1599683437635805,0.04949266642516807
100.png,1773288765.292783,0.11520432304871803,0.034644866497617645
100.png,1773288765.3267827,0.08064302613410261,0.02425140654833235
100.png,1773288765.3427842,0.06039662607487936,0.016975984583832645
100.png,1773288765.4466457,0.08967248025500957,0.011883189208682851
100.png,1773288765.4677398,0.06370654421536802,0.008318232446077994
100.png,1773288765.4823325,0.10501839469482466,0.005822762712254596
100.png,1773288765.514859,0.1210935337420891,0.0040759338985782165
100.png,1773288765.5331304,0.12450353934410047,0.0028531537290047513
100.png,1773288765.56225,0.08715247754087031,0.010544456227052456
100.png,1773288765.5817735,0.12547494828862454,0.007381119358936718
100.png,1773288765.6299803,0.08783246380203717,0.005166783551255703
100.png,1773288765.6580677,0.12439240661926501,0.003616748485878992
100.png,1773288765.6844687,0.1507045723128392,0.0025317239401152943
100.png,1773288765.7224433,0.14512454232211008,0.13460049775838973
100.png,1773288765.7513666,0.13585630727381673,0.0942203484308728
100.png,1773288765.7910006,0.16232588259420794,0.06595424390161096
100.png,1773288765.8200095,0.1802674738264185,0.04616797073112767
100.png,1773288765.8530688,0.18702599826289976,0.03231757951178937
100.png,1773288765.8837638,0.19636807864018085,0.022622305658252555
100.png,1773288765.9168146,0.20113906969468445,0.015835613960776786
100.png,1773288765.9488118,0.19643006116316925,0.01108492977254375
100.png,1773288765.9966407,0.1769551955960431,0.007759450840780624
100.png,1773288766.0262716,0.1730836607660952,0.005431615588546437
100.png,1773288766.0495813,0.18572553251384127,0.0038021309119825055
100.png,1773288766.064597,0.17509963788870447,0.002661491638387754
100.png,1773288766.0962958,0.1722513283013389,0.0018630441468714277
100.png,1773288766.1223047,0.19616176105860525,0.0013041309028099992
100.png,1773288766.2174182,0.13731323274102367,0.0009128916319669994
100.png,1773288766.2565367,0.18539541882186164,0.0006390241423768995
100.png,1773288766.283211,0.2334583673983328,0.00044731689966382967
100.png,1773288766.3173003,0.3114548956889256,0.0003131218297646807
100.png,1773288766.3632314,0.30315573118631356,0.0002191852808352765
100.png,1773288766.393187,0.30685311383958014,0.00015342969658469353
100.png,1773288766.4210846,0.28961259952310564,0.00010740078760928547
100.png,1773288766.4573138,0.3165919840257073,7.518055132649983e-05
100.png,1773288766.4849498,0.33876364214870924,5.2626385928549874e-05
100.png,1773288766.5139496,0.3200794811885419,3.683847014998491e-05
100.png,1773288766.5449674,0.27963065036855944,2.5786929104989434e-05
100.png,1773288766.585262,0.2880732619248455,1.8050850373492602e-05
100.png,1773288766.6192796,0.27119437251744555,1.263559526144482e-05
100.png,1773288766.653294,0.2867692921170221,8.844916683011374e-06
100.png,1773288766.6886928,0.3831858766906052,6.191441678107961e-06
100.png,1773288766.7316794,0.4521084220193663,0.1961336309002367
100.png,1773288766.7616131,0.48142776934590165,0.1372935416301657
100.png,1773288766.7855082,0.4998372348269187,0.09610547914111597
100.png,1773288766.7985103,0.519023906342766,0.06727383539878118
100.png,1773288766.8285103,0.5349129100262436,0.20760544808038686
100.png,1773288766.8625631,0.5906341914766833,0.3712710841084521
100.png,1773288766.8933778,0.6083468341578627,0.2598897588759165
100.png,1773288766.9262972,0.6316341595223337,0.38036202676495645
100.png,1773288766.9583797,0.5921544525707645,0.2662534187354695
100.png,1773288767.0806332,0.5647699175753462,0.29305503188282334
100.png,1773288767.117632,0.46393526018707104,0.20513852231797633
100.png,1773288767.1743448,0.3247546821309497,0.14359696562258342
100.png,1773288767.211694,0.3187910858141673,0.1005178759358084
100.png,1773288767.2446902,0.3935968575786134,0.09330557970077343
100.png,1773288767.2746868,0.4386085838738243,0.0653139057905414
100.png,1773288767.3108096,0.4506217214264357,0.04571973405337897
100.png,1773288767.3328059,0.45947504123969923,0.03200381383736528
100.png,1773288767.3708642,0.48179982763320256,0.0224026696861557
100.png,1773288767.3953514,0.45383850280310123,0.01568186878030899
100.png,1773288767.4183543,0.43512957798938656,0.01097730814621629
100.png,1773288767.4693635,0.3814378823593125,0.007684115702351404
100.png,1773288767.5023828,0.3644269396978085,0.005378880991645982
100.png,1773288767.5273643,0.34731822875150103,0.0037652166941521876
100.png,1773288767.5613773,0.35002767094588466,0.0026356516859065314
100.png,1773288767.58592,0.3496019940681005,0.0018449561801345716
100.png,1773288767.6190069,0.3269259319851645,0.0012914693260942
100.png,1773288767.6499398,0.3014450058785686,0.00090402852826594
100.png,1773288767.6826327,0.27497648765749344,0.0006328199697861579
100.png,1773288767.714556,0.26994405006858296,0.0004429739788503105
100.png,1773288767.7440782,0.2514623793942547,0.0003100817851952173
100.png,1773288767.7855985,0.2288130313240273,0.00021705724963665208
100.png,1773288767.8377247,0.2653993584449916,0.00015194007474565643
100.png,1773288767.8667476,0.27821250798699554,0.00010635805232195951
100.png,1773288767.8873074,0.3002339506933314,7.445063662537165e-05
100.png,1773288767.9153948,0.29133076024918536,5.211544563776015e-05
100.png,1773288767.9464138,0.2936215052281523,3.64808119464321e-05
100.png,1773288767.9615355,0.30128788876112256,2.5536568362502472e-05
100.png,1773288767.993249,0.2891474075283548,1.7875597853751732e-05
100.png,1773288768.0272799,0.29372944565193104,1.2512918497626211e-05
100.png,1773288768.057176,0.30257601323867833,8.759042948338347e-06
100.png,1773288768.0876956,0.314105407895005,0.038275157345112276
100.png,1773288768.122908,0.334024637084055,0.02679261014157859
100.png,1773288768.2035995,0.32943893161121685,0.01875482709910501
100.png,1773288768.2315788,0.34431624266432775,0.013128378969373508
100.png,1773288768.2605786,0.343351987619919,0.009189865278561455
101.png,1773288768.3132224,0.3233834712453344,0.006432905694993018
101.png,1773288768.3352134,0.33156393852753296,0.01249844996524179
101.png,1773288768.3713217,0.3081824585773666,0.008748914975669254
101.png,1773288768.3992426,0.3122328533609832,0.006124240482968476
101.png,1773288768.4302433,0.33886030976492365,0.004286968338077933
101.png,1773288768.4472427,0.35042736035306893,0.003000877836654553
101.png,1773288768.477242,0.37113954233383883,0.002100614485658187
101.png,1773288768.495332,0.38962872772566504,0.0014704301399607307
101.png,1773288768.5232425,0.4039554647986161,0.10131494259053886
101.png,1773288768.573335,0.38743804768867535,0.0709204598133772
101.png,1773288768.6028333,0.3763884457820958,0.04964432186936404
101.png,1773288768.7106538,0.38668487359068865,0.034751025308554825
101.png,1773288768.741641,0.3693122887494654,0.024325717715988376
101.png,1773288768.757875,0.3511756781206396,0.01702800240119186
101.png,1773288768.7759843,0.3331274324124452,0.011919601680834302
101.png,1773288768.8066173,0.3270768474540797,0.008343721176584011
101.png,1773288768.8210158,0.2971408397342228,0.005840604823608806
101.png,1773288768.8375008,0.2286797303203436,0.03338564430153541
101.png,1773288768.8686159,0.22367204933682874,0.023369951011074783
101.png,1773288768.899493,0.2179241155764605,0.016358965707752346
101.png,1773288768.9389112,0.2324427115335722,0.01145127599542664
101.png,1773288768.9793284,0.24643903546990564,0.008015893196798648
101.png,1773288769.0023298,0.2438501653384704,0.0056111252377590536
101.png,1773288769.035329,0.23120335358774113,0.0039277876664313375
101.png,1773288769.0968986,0.1618423475114188,0.002749451366501936
101.png,1773288769.1623554,0.11328964325799315,0.001924615956551355
101.png,1773288769.2019596,0.17674862028633345,0.0013472311695859485
101.png,1773288769.239645,0.203146530169302,0.012387940609576077
101.png,1773288769.2658558,0.23241853607817156,0.008671558426703252
101.png,1773288769.313465,0.2638058157039307,0.006070090898692277
101.png,1773288769.3497062,0.24531115466737285,0.004249063629084593
101.png,1773288769.380591,0.2684307999187397,0.0029743445403592156
101.png,1773288769.406794,0.26813659155087394,0.0020820411782514507
101.png,1773288769.4448893,0.29935764340198223,0.00873235062946982
101.png,1773288769.4762452,0.27518442671525745,0.15304486081278937
101.png,1773288769.5069637,0.25683929812544454,0.10713140256895254
101.png,1773288769.534279,0.2623028598830067,0.07499198179826677
101.png,1773288769.5715423,0.2525952915160263,0.07413356580115062
101.png,1773288769.5971594,0.25158034329368206,0.05189349606080543
101.png,1773288769.6321676,0.25037145659542476,0.0363254472425638
101.png,1773288769.671257,0.24275913475106722,0.025427813069794657
101.png,1773288769.7049918,0.2416622500780704,0.01779946914885626
101.png,1773288769.7371886,0.252149682639734,0.01245962840419938
101.png,1773288769.7687478,0.17650477784781377,0.12228278271447539
101.png,1773288769.8026145,0.19450464840682838,0.08559794790013277
101.png,1773288769.8327014,0.19762685625328463,0.05991856353009293
101.png,1773288769.8716354,0.19376630904942568,0.04194299447106505
101.png,1773288769.9014204,0.13563641633459797,0.029360096129745532
101.png,1773288769.929716,0.17396689861841985,0.20080832581163435
101.png,1773288769.9636073,0.12177682903289389,0.14056582806814405
101.png,1773288769.9964142,0.08524378032302572,0.09839607964770082
101.png,1773288770.044057,0.13220533229358314,0.06887725575339058
101.png,1773288770.0733435,0.1518321693302684,0.0482140790273734
101.png,1773288770.1141279,0.18352620991114968,0.03374985531916138
101.png,1773288770.1390295,0.21301033401973732,0.02362489872341296
101.png,1773288770.1792848,0.22311132289966903,0.01653742910638907
101.png,1773288770.2082443,0.22536593701046606,0.011576200374472349
101.png,1773288770.2358718,0.23254596023913718,0.008103340262130644
101.png,1773288770.330643,0.21594089271549927,0.005672338183491451
101.png,1773288770.3526492,0.22105844344436928,0.003970636728444016
101.png,1773288770.378649,0.21905843558290383,0.0027794457099108104
101.png,1773288770.409948,0.21618260521768418,0.0019456119969375673
101.png,1773288770.441466,0.1819084141404754,0.001361928397856297
101.png,1773288770.4744666,0.17353885984871556,0.0009533498784994078
101.png,1773288770.5030437,0.1760796829202763,0.0006673449149495854
101.png,1773288770.5241954,0.18011594122497532,0.0004671414404647098
101.png,1773288770.5505006,0.19095011405131687,0.00032699900832529685
101.png,1773288770.5833623,0.20965376020054996,0.0002288993058277078
101.png,1773288770.6144478,0.2090319922636762,0.00016022951407939544
101.png,1773288770.6454477,0.1978771080781004,0.00011216065985557679
101.png,1773288770.6763706,0.18981247288385383,7.851246189890375e-05
101.png,1773288770.7050807,0.18250835334164528,5.495872332923262e-05
101.png,1773288770.7321746,0.19200066955811423,3.847110633046283e-05
101.png,1773288770.785258,0.20232020416349683,2.692977443132398e-05
101.png,1773288770.8192658,0.17642815746419963,1.8850842101926785e-05
101.png,1773288770.8532767,0.18058342060305452,0.10936854779293491
101.png,1773288770.8848088,0.21873985298686718,0.14454954589713723
101.png,1773288770.913899,0.23611098678657144,0.10118468212799604
101.png,1773288770.9438882,0.2527088039131132,0.11309781176417441
101.png,1773288770.983142,0.2990885209453607,0.16572131034956483
101.png,1773288771.0115116,0.3580931162803707,0.15725492656372914
101.png,1773288771.0377636,0.38058584479531654,0.1100784485946104
101.png,1773288771.0668728,0.35811397325176386,0.07705491401622727
101.png,1773288771.1026344,0.3604445552045929,0.24946396336732068
101.png,1773288771.1485224,0.34282290420458184,0.3773148368138323
101.png,1773288771.1766427,0.35483413744045156,0.29270692027218936
101.png,1773288771.2094238,0.38894998579943846,0.4144680129559441
101.png,1773288771.240324,0.39960867644831943,0.38034517660056555
101.png,1773288771.2747755,0.35782220647445273,0.2662416236203959
101.png,1773288771.374506,0.2504755445321169,0.1863691365342771
101.png,1773288771.4102201,0.2787184022546503,0.13045839557399397
101.png,1773288771.4492264,0.2555567118992922,0.25888951271761396
101.png,1773288771.479224,0.27846451896051516,0.18122265890232978
101.png,1773288771.5208442,0.25969075913978623,0.21207940134458728
101.png,1773288771.5509396,0.2964680902613025,0.14845558094121108
101.png,1773288771.5847685,0.3321856397883502,0.10391890665884776
101.png,1773288771.6098552,0.369353080996155,0.12716910621189736
101.png,1773288771.6429498,0.3991370202916177,0.18475734443193653
101.png,1773288771.676438,0.39841507642487384,0.2482867201393826
101.png,1773288771.7058601,0.3931567681573028,0.38268356672835374
101.png,1773288771.7419066,0.4265769697577591,0.2678784967098476
101.png,1773288771.7698724,0.4601669800172006,0.1875149476968933
101.png,1773288771.802413,0.4342199209702071,0.32588655540464045
101.png,1773288771.8504953,0.43358609783850327,0.22812058878324828
101.png,1773288771.8798292,0.3852271735447811,0.28848823702956927
101.png,1773288771.9857576,0.3959749515405956,0.38488125486041935
101.png,1773288772.0007756,0.32919868916980205,0.4437846616336704
101.png,1773288772.0206726,0.3352947681205891,0.47941663237538423
101.png,1773288772.049671,0.40759587329643365,0.566664994141888
101.png,1773288772.0647786,0.392776531067905,0.6087906453996923
101.png,1773288772.0975769,0.4265200085752533,0.6549451747745934
101.png,1773288772.1275659,0.46458495802588584,0.6524054746104311
101.png,1773288772.1595886,0.46277309409463596,0.6806883066484772
101.png,1773288772.1890957,0.3239411658662452,0.4764818146539341
101.png,1773288772.2190087,0.3498543463830736,0.4684179466677639
101.png,1773288772.253237,0.3397585207530385,0.3278925626674347
101.png,1773288772.2886858,0.3867921801993234,0.44866008612527974
101.png,1773288772.314671,0.40791951046190467,0.5264847826576521
101.png,1773288772.3512387,0.33189296897036136,0.49806698178890657
101.png,1773288772.3812125,0.33075087826457733,0.3486468872522346
101.png,1773288772.409835,0.30238683369129143,0.27778817454866833
101.png,1773288772.4468153,0.3558400644003656,0.41385045526625885
101.png,1773288772.4818382,0.3821934833775129,0.4867436584953212
101.png,1773288772.5103292,0.35728749201939414,0.3407205609467248
101.png,1773288772.545897,0.3353967462643094,0.3616410765137713
101.png,1773288772.5932405,0.3127855644865298,0.2531487535596399
101.png,1773288772.6183438,0.28447154273557346,0.17720412749174794
101.png,1773288772.6553206,0.24877583546988327,0.12404288924422356
101.png,1773288772.6843183,0.19706483135475852,0.08683002247095649
101.png,1773288772.717371,0.25294595584792445,0.06078101572966953
101.png,1773288772.7464702,0.28289963613234737,0.08712568077354746
101.png,1773288772.783558,0.29668325779922816,0.06098797654148322
101.png,1773288772.8127303,0.41491724642221894,0.2788064625387046
101.png,1773288772.8486426,0.37427308800097286,0.1951645237770932
101.png,1773288772.8777664,0.403574897949947,0.13661516664396525
101.png,1773288772.904612,0.2825024285649629,0.09563061665077567
101.png,1773288772.9528928,0.24156773195655984,0.06694143165554296
101.png,1773288772.986286,0.1690974123695919,0.04685900215888007
101.png,1773288773.0184002,0.24539829748281897,0.032801301511216054
101.png,1773288773.0543818,0.28604239040283536,0.022960911057851235
101.png,1773288773.0834043,0.3594220339862747,0.016072637740495863
101.png,1773288773.116905,0.377000299236458,0.0777756915624128
101.png,1773288773.146021,0.28950127232491596,0.14107977580015435
101.png,1773288773.1789184,0.29343825827927,0.27349731157649565
101.png,1773288773.2086246,0.20540678079548896,0.19144811810354695
101.png,1773288773.2406416,0.2525777074436037,0.3461691143503576
101.png,1773288773.284872,0.29758870726710995,0.4058450327926881
102.png,1773288773.3385026,0.2678423120325985,0.3083257767811872
102.png,1773288773.3662813,0.29986629977462076,0.430698042451755
102.png,1773288773.3968797,0.3654310463154768,0.5035258589032165
102.png,1773288773.4279323,0.30647050479259036,0.4870097796547242
102.png,1773288773.4620872,0.28056197513063297,0.34090684575830693
102.png,1773288773.489016,0.2427968529289929,0.3108072009763714
102.png,1773288773.5160294,0.22428831681081704,0.3855099641058884
102.png,1773288773.6086545,0.3177070322820852,0.40027496201304247
102.png,1773288773.6341093,0.2823205573891049,0.3179064093135874
102.png,1773288773.665206,0.2743736056845891,0.4138173738468449
102.png,1773288773.696014,0.30242797710720515,0.36136660913071117
102.png,1773288773.7261837,0.22761417306674542,0.2529566263914978
102.png,1773288773.7754116,0.256797312075662,0.24238738289306536
102.png,1773288773.8030934,0.2869465655642148,0.2691133490630083
102.png,1773288773.8408933,0.31822837327781917,0.233774897013945
102.png,1773288773.86597,0.31164993236359523,0.24935907299277146
102.png,1773288773.8809974,0.35356502441945176,0.3019767603235719
102.png,1773288773.8965266,0.36625287789387817,0.37072348064966304
102.png,1773288773.9145782,0.40854737566391874,0.48909656447070377
102.png,1773288773.947666,0.3932252961410711,0.3423675951294926
102.png,1773288774.0577323,0.27525770729874977,0.23965731659064485
102.png,1773288774.0898073,0.19268039510912482,0.16776012161345139
102.png,1773288774.1189575,0.13487627657638737,0.11743208512941597
102.png,1773288774.132965,0.1734708847412135,0.08220245959059118
102.png,1773288774.1868963,0.2132224711343412,0.204807589964131
102.png,1773288774.2166939,0.2750248484608869,0.1433653129748917
102.png,1773288774.2522707,0.2979185250925302,0.30632121590314926
102.png,1773288774.2853377,0.2888027227340861,0.3615707373226583
102.png,1773288774.3188908,0.2430451772635038,0.38166527660506944
102.png,1773288774.3536727,0.19904516737096725,0.41963864723223565
102.png,1773288774.3846974,0.20569018363147823,0.29374705306256493
102.png,1773288774.4250665,0.1767216443307954,0.34132912238063057
102.png,1773288774.4604332,0.23500842131744698,0.23893038566644137
102.png,1773288774.4884577,0.2640327553593562,0.2654720592100343
102.png,1773288774.518984,0.2419262051695577,0.33727492582633933
102.png,1773288774.5470698,0.17348863427949812,0.2918215655870568
102.png,1773288774.5630612,0.1894042530644984,0.372228111517641
102.png,1773288774.6185157,0.18947198579574553,0.4133626609108283
102.png,1773288774.6585143,0.17619772627973354,0.37844667606587107
102.png,1773288774.6886134,0.2349317325542149,0.26491267324610973
102.png,1773288774.721228,0.1821275157967807,0.3159388309578528
102.png,1773288774.7512472,0.2003296528773626,0.4109841999838814
102.png,1773288774.795761,0.23684605298275957,0.287688939988717
102.png,1773288774.8248465,0.21194720476951218,0.30262358785612953
102.png,1773288774.8598483,0.2503199199761215,0.3985455329765777
102.png,1773288774.8769841,0.23787935692049986,0.27898187308360434
102.png,1773288774.905651,0.25608089123729405,0.3717748351194967
102.png,1773288774.9252827,0.22262941635625605,0.41798201626500325
102.png,1773288774.9873297,0.27196203620054304,0.29258741138550226
102.png,1773288775.0183113,0.25032513605235807,0.2709930885776901
102.png,1773288775.0523524,0.3012327987282234,0.18969516200438308
102.png,1773288775.0863342,0.2918047410473235,0.13278661340306813
102.png,1773288775.1159465,0.26201994293574876,0.1539716302861151
102.png,1773288775.1590974,0.25935451588719827,0.12971046584845097
102.png,1773288775.2515774,0.19162979120217336,0.22186478150426547
102.png,1773288775.2708488,0.20577953292972018,0.24128589623084284
102.png,1773288775.299328,0.25608587390841914,0.16890012736159
102.png,1773288775.3313472,0.1871243506670976,0.11823008915311299
102.png,1773288775.3642488,0.1309870454669683,0.08276106240717908
102.png,1773288775.3971415,0.1672492732592231,0.05793274368502535
102.png,1773288775.4272144,0.12421316467154268,0.04055292057951774
102.png,1773288775.5360525,0.08694921527007987,0.028387044405662417
102.png,1773288775.5660632,0.19784021344276212,0.01987093108396369
102.png,1773288775.5892289,0.22150303410976252,0.013909651758774582
102.png,1773288775.6187449,0.31433868469791126,0.009736756231142207
102.png,1773288775.6488729,0.39528905290635563,0.006815729361799545
102.png,1773288775.663826,0.3937076218379878,0.004771010553259681
102.png,1773288775.6944437,0.4267294928135631,0.08503944373994793
102.png,1773288775.7323735,0.4051334917774976,0.05952761061796354
102.png,1773288775.7878118,0.40996579406813205,0.041669327432574475
102.png,1773288775.820857,0.43117645166980295,0.029168529202802135
102.png,1773288775.8510778,0.44023444313336896,0.020417970441961492
102.png,1773288775.9008653,0.4490756641033663,0.014292579309373043
102.png,1773288775.9302223,0.4567769837788538,0.010004805516561128
102.png,1773288775.95823,0.4436235269989396,0.00700336386159279
102.png,1773288775.992922,0.4341756091959499,0.004902354703114953
102.png,1773288776.0265553,0.45613570365792055,0.003431648292180467
102.png,1773288776.0606687,0.4821972738506885,0.002402153804526327
102.png,1773288776.0927722,0.5053146176775362,0.0016815076631684286
102.png,1773288776.1237843,0.4865371157122034,0.0011770553642179
102.png,1773288776.1577804,0.4642060609738379,0.0008239387549525299
102.png,1773288776.1882658,0.4679734146288012,0.0328071098742311
102.png,1773288776.2188776,0.4593475261948827,0.022964976911961765
102.png,1773288776.2732184,0.4855894022125116,0.016075483838373237
102.png,1773288776.3088827,0.4831084885784759,0.011252838686861265
102.png,1773288776.3498752,0.47701211453202647,0.04729371024125804
102.png,1773288776.3795874,0.4905210664528934,0.19173167802854776
102.png,1773288776.4021585,0.4541597082721773,0.13421217461998342
102.png,1773288776.4885786,0.3179117957905241,0.09394852223398838
102.png,1773288776.5341299,0.3283286509699144,0.06576396556379185
102.png,1773288776.5936522,0.3664730874910932,0.046034775894654295
102.png,1773288776.6398842,0.37986246102409615,0.03222434312625801
102.png,1773288776.671895,0.401299174555228,0.022557040188380603
102.png,1773288776.6912112,0.42300670002524426,0.01578992813186642
102.png,1773288776.723082,0.4676695940266273,0.10737988216704447
102.png,1773288776.755203,0.4257309004734342,0.07516591751693112
102.png,1773288776.78824,0.4609194075165196,0.18783742286187793
102.png,1773288776.8938682,0.47849858652438165,0.14062364409602432
102.png,1773288776.920864,0.5004015809010615,0.26841799416693607
102.png,1773288776.9559746,0.5279782415202183,0.35226799774085676
102.png,1773288777.0420177,0.5343156507293044,0.2465875984185997
102.png,1773288777.072011,0.5459389896898802,0.19468017848024138
102.png,1773288777.1028643,0.5779943422048163,0.35230976667867675
102.png,1773288777.125873,0.539398484602672,0.45096771618203474
102.png,1773288777.1778736,0.5506848299983795,0.3156774013274243
102.png,1773288777.2084374,0.5570919367732818,0.2780616771385937
102.png,1773288777.2404237,0.616502594534629,0.2809112696749833
102.png,1773288777.2708209,0.6073750674445785,0.42549548904189455
102.png,1773288777.3027558,0.5702210755501127,0.2978468423293261
102.png,1773288777.3318863,0.5620886504076892,0.2084927896305283
102.png,1773288777.3628063,0.6088697410713978,0.24311961027200676
102.png,1773288777.3964546,0.6261693481166895,0.177730981750478
102.png,1773288777.4265373,0.6120774294670781,0.2514312618621627
102.png,1773288777.459505,0.6610986081386853,0.17600188330351385
102.png,1773288777.489743,0.7012598994469486,0.2850695128232107
102.png,1773288777.5236523,0.6992480293401394,0.19954865897624746
102.png,1773288777.5536559,0.5520895334820027,0.1396840612833732
102.png,1773288777.580645,0.3864626734374019,0.09777884289836125
102.png,1773288777.6206725,0.3839373388102224,0.06844519002885287
102.png,1773288777.6470418,0.41424219138720764,0.047911633020197006
102.png,1773288777.6739497,0.4662722105897305,0.03353814311413791
102.png,1773288777.7064784,0.5460723427960453,0.02347670017989653
102.png,1773288777.7424753,0.5776589267541931,0.01643369012592757
102.png,1773288777.7764838,0.6526808117049109,0.23350224198048952
102.png,1773288777.8040228,0.693810967726018,0.16345156938634267
102.png,1773288777.8501492,0.6430001532948065,0.11441609857043986
102.png,1773288777.8801894,0.6159002789751787,0.31399069434297466
102.png,1773288777.907575,0.651435019189824,0.4653668235411227
102.png,1773288777.94358,0.6566568376871047,0.4457000876306487
102.png,1773288777.96869,0.6386602016943869,0.3119900613414541
102.png,1773288777.9975524,0.4470621411860708,0.21839304293901785
102.png,1773288778.0294843,0.3659334321960595,0.15287513005731249
102.png,1773288778.0574834,0.3544724631229437,0.2936334677720755
102.png,1773288778.106235,0.2481307241860606,0.20554342744045284
102.png,1773288778.1367466,0.4549113081844985,0.14388039920831697
102.png,1773288778.1698253,0.48171485057739005,0.10071627944582187
102.png,1773288778.2043724,0.5253563413788036,0.07050139561207532
102.png,1773288778.2353725,0.488804184743905,0.049350976928452715
102.png,1773288778.2681663,0.49083283401861777,0.0345456838499169
102.png,1773288778.2987125,0.5201217612012763,0.02418197869494183
102.png,1773288778.3305993,0.5481138190910722,0.23636052352947265
